<keymap version="1" name="Sublime" parent="Mac OS X 10.5+">
  <action id="Back">
    <keyboard-shortcut first-keystroke="meta open_bracket" />
    <mouse-shortcut keystroke="button4" />
    <keyboard-shortcut first-keystroke="ctrl minus" />
  </action>
  <action id="CheckinProject" />
  <action id="CloseContent">
    <keyboard-shortcut first-keystroke="meta w" />
  </action>
  <action id="CollapseAllRegions">
    <keyboard-shortcut first-keystroke="meta k" second-keystroke="meta 1" />
  </action>
  <action id="CollapseRegion">
    <keyboard-shortcut first-keystroke="shift meta open_bracket" />
  </action>
  <action id="CompareDirs" />
  <action id="CompareJars" />
  <action id="CompareTwoFiles" />
  <action id="Console.Jdbc.Execute" />
  <action id="Console.Jpa.Execute" />
  <action id="Console.Jpa.GenerateSql" />
  <action id="Console.TableResult.NextPage" />
  <action id="Console.TableResult.PreviousPage" />
  <action id="Console.TableResult.Reload" />
  <action id="DatabaseView.CopyAction" />
  <action id="DatabaseView.ShowDiff" />
  <action id="DecrementWindowHeight" />
  <action id="Diff.UpdatedFiles" />
  <action id="EditSource">
    <keyboard-shortcut first-keystroke="f4" />
  </action>
  <action id="EditorChooseLookupItemCompleteStatement" />
  <action id="EditorCloneCaretAbove">
    <keyboard-shortcut first-keystroke="meta alt up" />
    <keyboard-shortcut first-keystroke="shift ctrl up" />
  </action>
  <action id="EditorCloneCaretBelow">
    <keyboard-shortcut first-keystroke="meta alt down" />
    <keyboard-shortcut first-keystroke="shift ctrl down" />
  </action>
  <action id="EditorCodeBlockEnd" />
  <action id="EditorCodeBlockEndWithSelection" />
  <action id="EditorCodeBlockStart" />
  <action id="EditorCodeBlockStartWithSelection" />
  <action id="EditorCompleteStatement" />
  <action id="EditorDeleteLine">
    <keyboard-shortcut first-keystroke="shift ctrl k" />
  </action>
  <action id="EditorDeleteToLineEnd">
    <keyboard-shortcut first-keystroke="meta k" second-keystroke="meta k" />
  </action>
  <action id="EditorDeleteToLineStart">
    <keyboard-shortcut first-keystroke="meta k" second-keystroke="meta back_space" />
  </action>
  <action id="EditorDuplicate">
    <keyboard-shortcut first-keystroke="shift meta d" />
  </action>
  <action id="EditorIndentLineOrSelection">
    <keyboard-shortcut first-keystroke="meta close_bracket" />
  </action>
  <action id="EditorJoinLines">
    <keyboard-shortcut first-keystroke="meta j" />
  </action>
  <action id="EditorNextWordInDifferentHumpsMode">
    <keyboard-shortcut first-keystroke="ctrl alt right" />
  </action>
  <action id="EditorNextWordInDifferentHumpsModeWithSelection">
    <keyboard-shortcut first-keystroke="shift ctrl alt right" />
  </action>
  <action id="EditorPreviousWordInDifferentHumpsMode">
    <keyboard-shortcut first-keystroke="ctrl alt left" />
  </action>
  <action id="EditorPreviousWordInDifferentHumpsModeWithSelection">
    <keyboard-shortcut first-keystroke="shift ctrl alt left" />
  </action>
  <action id="EditorSelectWord">
    <keyboard-shortcut first-keystroke="meta l" />
  </action>
  <action id="EditorSplitLine">
    <keyboard-shortcut first-keystroke="shift enter" />
  </action>
  <action id="EditorStartNewLine">
    <keyboard-shortcut first-keystroke="meta enter" />
  </action>
  <action id="EditorStartNewLineBefore">
    <keyboard-shortcut first-keystroke="shift meta enter" />
  </action>
  <action id="EditorTextEnd">
    <keyboard-shortcut first-keystroke="meta down" />
  </action>
  <action id="EditorTextEndWithSelection">
    <keyboard-shortcut first-keystroke="shift meta down" />
  </action>
  <action id="EditorTextStart">
    <keyboard-shortcut first-keystroke="meta up" />
  </action>
  <action id="EditorTextStartWithSelection">
    <keyboard-shortcut first-keystroke="shift meta home" />
    <keyboard-shortcut first-keystroke="shift meta up" />
  </action>
  <action id="EditorToggleCase">
    <keyboard-shortcut first-keystroke="meta k" second-keystroke="meta u" />
    <keyboard-shortcut first-keystroke="meta k" second-keystroke="meta l" />
  </action>
  <action id="EditorUnindentSelection">
    <keyboard-shortcut first-keystroke="shift tab" />
    <keyboard-shortcut first-keystroke="meta open_bracket" />
  </action>
  <action id="EmmetNextEditPoint" />
  <action id="EmmetPreviousEditPoint" />
  <action id="ExpandAllRegions">
    <keyboard-shortcut first-keystroke="meta k" second-keystroke="meta j" />
  </action>
  <action id="ExpandRegion">
    <keyboard-shortcut first-keystroke="shift meta close_bracket" />
  </action>
  <action id="FileChooser.GotoDesktop" />
  <action id="FileChooser.TogglePathShowing" />
  <action id="FileStructurePopup">
    <keyboard-shortcut first-keystroke="meta r" />
  </action>
  <action id="Find">
    <keyboard-shortcut first-keystroke="meta f" />
  </action>
  <action id="FindNext">
    <keyboard-shortcut first-keystroke="f3" />
  </action>
  <action id="FindPrevious">
    <keyboard-shortcut first-keystroke="shift f3" />
  </action>
  <action id="Forward">
    <keyboard-shortcut first-keystroke="meta close_bracket" />
    <mouse-shortcut keystroke="button5" />
    <keyboard-shortcut first-keystroke="shift ctrl minus" />
  </action>
  <action id="Git.Push" />
  <action id="GotoAction">
    <keyboard-shortcut first-keystroke="shift meta p" />
  </action>
  <action id="GotoDeclaration">
    <mouse-shortcut keystroke="button2" />
    <keyboard-shortcut first-keystroke="f12" />
    <mouse-shortcut keystroke="alt button1" />
  </action>
  <action id="GotoFile">
    <keyboard-shortcut first-keystroke="meta p" />
  </action>
  <action id="GotoRelated" />
  <action id="GotoSymbol">
    <keyboard-shortcut first-keystroke="shift meta r" />
  </action>
  <action id="ImplementMethods" />
  <action id="IncrementWindowHeight" />
  <action id="IncrementalSearch">
    <keyboard-shortcut first-keystroke="meta i" />
  </action>
  <action id="InsertLiveTemplate" />
  <action id="IpnbRunCellInplaceAction" />
  <action id="JumpToLastWindow" />
  <action id="MoveStatementDown">
    <keyboard-shortcut first-keystroke="ctrl meta down" />
  </action>
  <action id="MoveStatementUp">
    <keyboard-shortcut first-keystroke="ctrl meta up" />
  </action>
  <action id="NextOccurence" />
  <action id="NextTab">
    <keyboard-shortcut first-keystroke="shift meta close_bracket" />
    <keyboard-shortcut first-keystroke="ctrl right" />
    <keyboard-shortcut first-keystroke="meta alt right" />
  </action>
  <action id="ParameterInfo" />
  <action id="PreviousOccurence" />
  <action id="PreviousTab">
    <keyboard-shortcut first-keystroke="shift meta open_bracket" />
    <keyboard-shortcut first-keystroke="ctrl left" />
    <keyboard-shortcut first-keystroke="meta alt left" />
  </action>
  <action id="QuickEvaluateExpression">
    <keyboard-shortcut first-keystroke="meta alt f8" />
  </action>
  <action id="Replace">
    <keyboard-shortcut first-keystroke="meta h" />
  </action>
  <action id="ReplaceInPath" />
  <action id="ResetColumnsWidth" />
  <action id="ResizeToolWindowDown" />
  <action id="ResizeToolWindowUp" />
  <action id="SearchEverywhere.NavigateToNextGroup">
    <keyboard-shortcut first-keystroke="page_down" />
  </action>
  <action id="SearchEverywhere.NavigateToPrevGroup">
    <keyboard-shortcut first-keystroke="page_up" />
  </action>
  <action id="SelectNextOccurrence">
    <keyboard-shortcut first-keystroke="alt j" />
    <keyboard-shortcut first-keystroke="meta d" />
  </action>
  <action id="SendEOF" />
  <action id="ShowBookmarks" />
  <action id="ShowNavBar">
    <keyboard-shortcut first-keystroke="alt home" />
  </action>
  <action id="SwitchApply">
    <keyboard-shortcut first-keystroke="shift alt enter" />
  </action>
  <action id="SwitchDown">
    <keyboard-shortcut first-keystroke="shift alt down" />
  </action>
  <action id="SwitchLeft">
    <keyboard-shortcut first-keystroke="shift alt left" />
  </action>
  <action id="SwitchRight">
    <keyboard-shortcut first-keystroke="shift alt right" />
  </action>
  <action id="SwitchUp">
    <keyboard-shortcut first-keystroke="shift alt up" />
  </action>
  <action id="ToggleBookmark" />
  <action id="ToggleFullScreen">
    <keyboard-shortcut first-keystroke="f11" />
  </action>
  <action id="TogglePresentationMode">
    <keyboard-shortcut first-keystroke="shift f11" />
  </action>
  <action id="TypeHierarchy" />
  <action id="Uml.ShowDiff" />
  <action id="ViewSource" />
  <action id="hg4idea.push" />
</keymap>