<application>
  <component name="ApplicationTasksOptions">
    <global-watchers>
      <TaskOptions>
        <option name="arguments" value="run black $FileDir$/$FileName$" />
        <option name="checkSyntaxErrors" value="true" />
        <option name="description" />
        <option name="exitCodeBehavior" value="ERROR" />
        <option name="fileExtension" value="py" />
        <option name="immediateSync" value="false" />
        <option name="name" value="python-fmt-scratch" />
        <option name="output" value="" />
        <option name="outputFilters">
          <array />
        </option>
        <option name="outputFromStdout" value="false" />
        <option name="program" value="pipenv" />
        <option name="runOnExternalChanges" value="false" />
        <option name="scopeName" value="Scratches and Consoles" />
        <option name="trackOnlyRoot" value="false" />
        <option name="workingDir" value="$ProjectFileDir$" />
        <envs />
      </TaskOptions>
      <TaskOptions>
        <option name="arguments" value="run black $FileDirRelativeToProjectRoot$/$FileName$" />
        <option name="checkSyntaxErrors" value="true" />
        <option name="description" />
        <option name="exitCodeBehavior" value="ERROR" />
        <option name="fileExtension" value="py" />
        <option name="immediateSync" value="false" />
        <option name="name" value="python-fmt" />
        <option name="output" value="" />
        <option name="outputFilters">
          <array />
        </option>
        <option name="outputFromStdout" value="false" />
        <option name="program" value="pipenv" />
        <option name="runOnExternalChanges" value="false" />
        <option name="scopeName" value="Current File" />
        <option name="trackOnlyRoot" value="false" />
        <option name="workingDir" value="$ProjectFileDir$" />
        <envs />
      </TaskOptions>
      <TaskOptions>
        <option name="arguments" value="--write $FilePathRelativeToProjectRoot$" />
        <option name="checkSyntaxErrors" value="true" />
        <option name="description" />
        <option name="exitCodeBehavior" value="ERROR" />
        <option name="fileExtension" value="js" />
        <option name="immediateSync" value="false" />
        <option name="name" value="prettier-js" />
        <option name="output" value="$FilePathRelativeToProjectRoot$" />
        <option name="outputFilters">
          <array />
        </option>
        <option name="outputFromStdout" value="false" />
        <option name="program" value="$ProjectFileDir$/project/client/node_modules/.bin/prettier" />
        <option name="runOnExternalChanges" value="false" />
        <option name="scopeName" value="Current File" />
        <option name="trackOnlyRoot" value="false" />
        <option name="workingDir" value="$ProjectFileDir$" />
        <envs />
      </TaskOptions>
      <TaskOptions>
        <option name="arguments" value="--write $FilePathRelativeToProjectRoot$" />
        <option name="checkSyntaxErrors" value="true" />
        <option name="description" />
        <option name="exitCodeBehavior" value="ALWAYS" />
        <option name="fileExtension" value="scss" />
        <option name="immediateSync" value="false" />
        <option name="name" value="prettier-scss" />
        <option name="output" value="$FilePathRelativeToProjectRoot$" />
        <option name="outputFilters">
          <array />
        </option>
        <option name="outputFromStdout" value="false" />
        <option name="program" value="$ProjectFileDir$/project/client/node_modules/.bin/prettier" />
        <option name="runOnExternalChanges" value="false" />
        <option name="scopeName" value="Current File" />
        <option name="trackOnlyRoot" value="false" />
        <option name="workingDir" value="$ProjectFileDir$" />
        <envs />
      </TaskOptions>
    </global-watchers>
  </component>
</application>